{
  "properties": {
    "connectionReferences": {
      "shared_cognitiveservicesspe": {
        "runtimeSource": "embedded",
        "connection": {
          "connectionReferenceLogicalName": "new_sharedcognitiveservicesspe_abdb6"
        },
        "api": {
          "name": "shared_cognitiveservicesspe"
        }
      }
    },
    "definition": {
      "$schema": "https://schema.management.azure.com/providers/Microsoft.Logic/schemas/2016-06-01/workflowdefinition.json#",
      "contentVersion": "1.0.0.0",
      "parameters": {
        "$connections": {
          "defaultValue": {},
          "type": "Object"
        },
        "$authentication": {
          "defaultValue": {},
          "type": "SecureObject"
        }
      },
      "triggers": {
        "manual": {
          "metadata": {
            "operationMetadataId": "d22dd5dd-911d-4dbb-8476-c5a53193a16d"
          },
          "type": "Request",
          "kind": "Button",
          "inputs": {
            "schema": {
              "type": "object",
              "properties": {
                "text": {
                  "title": "text",
                  "type": "string",
                  "x-ms-dynamically-added": true,
                  "description": "Please enter your input",
                  "x-ms-content-hint": "TEXT"
                }
              },
              "required": [
                "text"
              ]
            }
          }
        }
      },
      "actions": {
        "Create_transcription_(V3.1)": {
          "runAfter": {},
          "metadata": {
            "operationMetadataId": "3f9b1cde-471f-4ec6-87a0-85e486d80c94"
          },
          "type": "OpenApiConnection",
          "inputs": {
            "host": {
              "connectionName": "shared_cognitiveservicesspe",
              "operationId": "CreateTranscriptions",
              "apiId": "/providers/Microsoft.PowerApps/apis/shared_cognitiveservicesspe"
            },
            "parameters": {
              "transcription/locale": "it-IT",
              "transcription/displayName": "test",
              "transcription/contentUrls": [
                "@triggerBody()['text']"
              ],
              "transcription/properties/email": "cristian.degrazi@nubetech.it"
            },
            "authentication": {
              "type": "Raw",
              "value": "@json(decodeBase64(triggerOutputs().headers['X-MS-APIM-Tokens']))['$ConnectionKey']"
            }
          }
        },
        "Parse_JSON": {
          "runAfter": {
            "Create_transcription_(V3.1)": [
              "Succeeded"
            ]
          },
          "metadata": {
            "operationMetadataId": "9fcfc8c0-7822-48e9-95f6-2c8f80af429e"
          },
          "type": "ParseJson",
          "inputs": {
            "content": "@body('Create_transcription_(V3.1)')",
            "schema": {
              "type": "object",
              "properties": {
                "self": {
                  "type": "string"
                },
                "model": {
                  "type": "object",
                  "properties": {
                    "self": {
                      "type": "string"
                    }
                  }
                },
                "links": {
                  "type": "object",
                  "properties": {
                    "files": {
                      "type": "string"
                    }
                  }
                },
                "properties": {
                  "type": "object",
                  "properties": {
                    "diarizationEnabled": {
                      "type": "boolean"
                    },
                    "wordLevelTimestampsEnabled": {
                      "type": "boolean"
                    },
                    "displayFormWordLevelTimestampsEnabled": {
                      "type": "boolean"
                    },
                    "email": {
                      "type": "string"
                    },
                    "channels": {
                      "type": "array",
                      "items": {
                        "type": "integer"
                      }
                    },
                    "punctuationMode": {
                      "type": "string"
                    },
                    "profanityFilterMode": {
                      "type": "string"
                    }
                  }
                }
              }
            }
          }
        },
        "Parse_JSON_2": {
          "runAfter": {
            "HTTP_2": [
              "Succeeded"
            ]
          },
          "metadata": {
            "operationMetadataId": "b6254b9b-ebce-414b-9fe5-b78ff73b21cf"
          },
          "type": "ParseJson",
          "inputs": {
            "content": "@body('HTTP_2')",
            "schema": {
              "type": "object",
              "properties": {
                "values": {
                  "type": "array",
                  "items": {
                    "type": "object",
                    "properties": {
                      "self": {
                        "type": "string"
                      },
                      "name": {
                        "type": "string"
                      },
                      "kind": {
                        "type": "string"
                      },
                      "properties": {
                        "type": "object",
                        "properties": {
                          "size": {
                            "type": "integer"
                          }
                        }
                      },
                      "createdDateTime": {
                        "type": "string"
                      },
                      "links": {
                        "type": "object",
                        "properties": {
                          "contentUrl": {
                            "type": "string"
                          }
                        }
                      }
                    },
                    "required": [
                      "self",
                      "name",
                      "kind",
                      "properties",
                      "createdDateTime",
                      "links"
                    ]
                  }
                }
              }
            }
          }
        },
        "Initialize_variable": {
          "runAfter": {
            "Parse_JSON_2": [
              "Succeeded"
            ]
          },
          "metadata": {
            "operationMetadataId": "74e6d33f-04c8-4f53-9681-ada25d2460cf"
          },
          "type": "InitializeVariable",
          "inputs": {
            "variables": [
              {
                "name": "result",
                "type": "array"
              }
            ]
          }
        },
        "Filter_array_2": {
          "runAfter": {
            "Initialize_variable": [
              "Succeeded"
            ]
          },
          "metadata": {
            "operationMetadataId": "3c5244fb-249f-4dbc-8a6f-701e355aad2c"
          },
          "type": "Query",
          "inputs": {
            "from": "@body('Parse_JSON_2')?['values']",
            "where": "@equals(item()?['kind'], 'Transcription')"
          }
        },
        "Apply_to_each_2": {
          "foreach": "@body('Filter_array_2')",
          "actions": {
            "HTTP_3": {
              "runAfter": {},
              "metadata": {
                "operationMetadataId": "1cc09585-73cb-487b-801d-5bc3458d2baa"
              },
              "type": "Http",
              "inputs": {
                "method": "GET",
                "uri": "@items('Apply_to_each_2')?['links']?['contentUrl']",
                "headers": {
                  "Ocp-Apim-Subscription-Key": "abd1f023a41e4d0b8aac97a716bccee7",
                  "content-Type": "application/json"
                }
              }
            },
            "Parse_JSON_4": {
              "runAfter": {
                "HTTP_3": [
                  "Succeeded"
                ]
              },
              "metadata": {
                "operationMetadataId": "afcf3759-25eb-4cfa-911d-8238feed001a"
              },
              "type": "ParseJson",
              "inputs": {
                "content": "@body('HTTP_3')",
                "schema": {
                  "type": "object",
                  "properties": {
                    "source": {
                      "type": "string"
                    },
                    "timestamp": {
                      "type": "string"
                    },
                    "durationInTicks": {
                      "type": "integer"
                    },
                    "duration": {
                      "type": "string"
                    },
                    "combinedRecognizedPhrases": {
                      "type": "array",
                      "items": {
                        "type": "object",
                        "properties": {
                          "channel": {
                            "type": "integer"
                          },
                          "lexical": {
                            "type": "string"
                          },
                          "itn": {
                            "type": "string"
                          },
                          "maskedITN": {
                            "type": "string"
                          },
                          "display": {
                            "type": "string"
                          }
                        },
                        "required": [
                          "channel",
                          "lexical",
                          "itn",
                          "maskedITN",
                          "display"
                        ]
                      }
                    },
                    "recognizedPhrases": {
                      "type": "array",
                      "items": {
                        "type": "object",
                        "properties": {
                          "recognitionStatus": {
                            "type": "string"
                          },
                          "channel": {
                            "type": "integer"
                          },
                          "offset": {
                            "type": "string"
                          },
                          "duration": {
                            "type": "string"
                          },
                          "offsetInTicks": {
                            "type": "integer"
                          },
                          "durationInTicks": {
                            "type": "integer"
                          },
                          "nBest": {
                            "type": "array",
                            "items": {
                              "type": "object",
                              "properties": {
                                "confidence": {
                                  "type": "number"
                                },
                                "lexical": {
                                  "type": "string"
                                },
                                "itn": {
                                  "type": "string"
                                },
                                "maskedITN": {
                                  "type": "string"
                                },
                                "display": {
                                  "type": "string"
                                }
                              },
                              "required": [
                                "confidence",
                                "lexical",
                                "itn",
                                "maskedITN",
                                "display"
                              ]
                            }
                          }
                        },
                        "required": [
                          "recognitionStatus",
                          "channel",
                          "offset",
                          "duration",
                          "offsetInTicks",
                          "durationInTicks",
                          "nBest"
                        ]
                      }
                    }
                  }
                }
              }
            },
            "Apply_to_each": {
              "foreach": "@body('Parse_JSON_4')?['combinedRecognizedPhrases']",
              "actions": {
                "Append_to_array_variable": {
                  "runAfter": {},
                  "metadata": {
                    "operationMetadataId": "58cbc313-d129-4317-84c8-0a193c045511"
                  },
                  "type": "AppendToArrayVariable",
                  "inputs": {
                    "name": "result",
                    "value": "@items('Apply_to_each')?['lexical']"
                  }
                }
              },
              "runAfter": {
                "Parse_JSON_4": [
                  "Succeeded"
                ]
              },
              "metadata": {
                "operationMetadataId": "f2d287e1-36a0-4111-8ba4-1e49f741931f"
              },
              "type": "Foreach"
            }
          },
          "runAfter": {
            "Filter_array_2": [
              "Succeeded"
            ]
          },
          "metadata": {
            "operationMetadataId": "dc29b938-50d2-4d48-8283-432b14fa1a73"
          },
          "type": "Foreach"
        },
        "Compose": {
          "runAfter": {
            "Apply_to_each_2": [
              "Succeeded"
            ]
          },
          "metadata": {
            "operationMetadataId": "5f3c23d7-36a1-41c1-a549-35f89181dd90"
          },
          "type": "Compose",
          "inputs": "@variables('result')"
        },
        "Respond_to_a_PowerApp_or_flow": {
          "runAfter": {
            "Compose": [
              "Succeeded"
            ]
          },
          "metadata": {
            "operationMetadataId": "d5cb2230-7c31-435c-b572-4339a5ceb2b6"
          },
          "type": "Response",
          "kind": "PowerApp",
          "inputs": {
            "statusCode": 200,
            "body": {
              "status": "200",
              "result": "@{outputs('Compose')}"
            },
            "schema": {
              "type": "object",
              "properties": {
                "status": {
                  "title": "status",
                  "x-ms-dynamically-added": true,
                  "type": "string"
                },
                "result": {
                  "title": "result",
                  "x-ms-dynamically-added": true,
                  "type": "string"
                }
              }
            }
          }
        },
        "Do_until": {
          "actions": {
            "Delay": {
              "runAfter": {},
              "metadata": {
                "operationMetadataId": "83653701-789b-452b-b734-344ba54bf590"
              },
              "type": "Wait",
              "inputs": {
                "interval": {
                  "count": 10,
                  "unit": "Second"
                }
              }
            },
            "Get_transcriptions_(V3.1)": {
              "runAfter": {
                "Delay": [
                  "Succeeded"
                ]
              },
              "metadata": {
                "operationMetadataId": "58387ca4-2910-409c-90ee-4d2e09e56e74"
              },
              "type": "OpenApiConnection",
              "inputs": {
                "host": {
                  "connectionName": "shared_cognitiveservicesspe",
                  "operationId": "GetTranscriptions",
                  "apiId": "/providers/Microsoft.PowerApps/apis/shared_cognitiveservicesspe"
                },
                "parameters": {
                  "id": "@substring(outputs('Create_transcription_(V3.1)')?['body/self'], add(lastIndexOf(outputs('Create_transcription_(V3.1)')?['body/self'], '/'), 1))\r\n"
                },
                "authentication": {
                  "type": "Raw",
                  "value": "@json(decodeBase64(triggerOutputs().headers['X-MS-APIM-Tokens']))['$ConnectionKey']"
                }
              }
            }
          },
          "runAfter": {
            "Parse_JSON": [
              "Succeeded"
            ]
          },
          "expression": "@or(equals(outputs('Get_transcriptions_(V3.1)')?['body/status'], 'Succeeded'), equals(outputs('Get_transcriptions_(V3.1)')?['body/status'], 'Failed'))",
          "limit": {
            "count": 60,
            "timeout": "PT1H"
          },
          "metadata": {
            "operationMetadataId": "b4ec3f63-aeee-4a40-a8e9-e0c67ab0df3b"
          },
          "type": "Until"
        },
        "HTTP_2": {
          "runAfter": {
            "Do_until": [
              "Succeeded"
            ]
          },
          "metadata": {
            "operationMetadataId": "a1d23dfb-6c38-4aae-8505-ea7779a02c1f"
          },
          "type": "Http",
          "inputs": {
            "method": "GET",
            "uri": "@body('Parse_JSON')?['links']?['files']",
            "headers": {
              "Ocp-Apim-Subscription-Key": "abd1f023a41e4d0b8aac97a716bccee7",
              "Content-Type": "application/json"
            }
          }
        }
      }
    },
    "templateName": ""
  },
  "schemaVersion": "1.0.0.0"
}