{
  "properties": {
    "connectionReferences": {},
    "definition": {
      "$schema": "https://schema.management.azure.com/providers/Microsoft.Logic/schemas/2016-06-01/workflowdefinition.json#",
      "contentVersion": "1.0.0.0",
      "parameters": {
        "$authentication": {
          "defaultValue": {},
          "type": "SecureObject"
        }
      },
      "triggers": {
        "manual": {
          "metadata": {
            "operationMetadataId": "be2719a2-2890-4db4-8474-b4d656fd0b1d"
          },
          "type": "Request",
          "kind": "Button",
          "inputs": {
            "schema": {
              "type": "object",
              "properties": {
                "text": {
                  "title": "Phone",
                  "type": "string",
                  "x-ms-dynamically-added": true,
                  "description": "phone",
                  "x-ms-content-hint": "TEXT"
                }
              },
              "required": [
                "text"
              ]
            }
          }
        }
      },
      "actions": {
        "HTTP:_GetNewAccessToken": {
          "runAfter": {},
          "metadata": {
            "operationMetadataId": "505a7110-6ddc-4545-b367-7995f6d0ee59"
          },
          "type": "Http",
          "inputs": {
            "method": "POST",
            "uri": "https://login.microsoftonline.com/70aa2a28-7097-4af0-a6cd-53a434c6d341/oauth2/v2.0/token",
            "headers": {
              "Content-Type": "application/x-www-form-urlencoded"
            },
            "body": "grant_type=client_credentials&client_id=f9e25f73-6584-473a-958a-5c8347eba26f&client_secret=Ajy8Q~DfhiTNCH38iD~hiDehkhvhivDkau.zZbdH&scope=https://api.businesscentral.dynamics.com/.default"
          }
        },
        "HTTP": {
          "runAfter": {
            "Parse_JSON": [
              "Succeeded"
            ]
          },
          "metadata": {
            "operationMetadataId": "44342a7b-fffe-4442-8e0d-7f922899cf51"
          },
          "type": "Http",
          "inputs": {
            "method": "GET",
            "uri": "https://api.businesscentral.dynamics.com/v2.0/70aa2a28-7097-4af0-a6cd-53a434c6d341/SandboxCronus/ODataV4/Company('Hackathon%20Spa')/HCKSalesperson",
            "headers": {
              "Authorization": "Bearer @{body('Parse_JSON')?['access_token']}"
            }
          }
        },
        "Parse_JSON": {
          "runAfter": {
            "HTTP:_GetNewAccessToken": [
              "Succeeded"
            ]
          },
          "metadata": {
            "operationMetadataId": "d75e3882-7f6a-4150-b218-ca3fd889b456"
          },
          "type": "ParseJson",
          "inputs": {
            "content": "@body('HTTP:_GetNewAccessToken')",
            "schema": {
              "type": "object",
              "properties": {
                "token_type": {
                  "type": "string"
                },
                "expires_in": {
                  "type": "integer"
                },
                "ext_expires_in": {
                  "type": "integer"
                },
                "access_token": {
                  "type": "string"
                }
              }
            }
          }
        },
        "Parse_JSON_2": {
          "runAfter": {
            "HTTP": [
              "Succeeded"
            ]
          },
          "metadata": {
            "operationMetadataId": "ca8d9f30-86e1-415c-b820-e92de7aacab4"
          },
          "type": "ParseJson",
          "inputs": {
            "content": "@body('HTTP')",
            "schema": {
              "type": "object",
              "properties": {
                "@@odata.context": {
                  "type": "string"
                },
                "value": {
                  "type": "array",
                  "items": {
                    "type": "object",
                    "properties": {
                      "@@odata.etag": {
                        "type": "string"
                      },
                      "Code": {
                        "type": "string"
                      },
                      "Name": {
                        "type": "string"
                      },
                      "Phone_No": {
                        "type": "string"
                      }
                    },
                    "required": [
                      "@@odata.etag",
                      "Code",
                      "Name",
                      "Phone_No"
                    ]
                  }
                }
              }
            }
          }
        },
        "Respond_to_a_PowerApp_or_flow_2": {
          "runAfter": {
            "Apply_to_each": [
              "Succeeded"
            ]
          },
          "metadata": {
            "operationMetadataId": "2a906bc6-8444-4e84-9611-adf193eaa488"
          },
          "type": "Response",
          "kind": "PowerApp",
          "inputs": {
            "statusCode": 200,
            "body": {
              "find": "@{variables('Find')}",
              "name": "@variables('Name')",
              "status": "200",
              "email": "@variables('Email')"
            },
            "schema": {
              "type": "object",
              "properties": {
                "find": {
                  "title": "Find",
                  "x-ms-dynamically-added": true,
                  "type": "boolean"
                },
                "name": {
                  "title": "Name",
                  "x-ms-dynamically-added": true,
                  "type": "string"
                },
                "status": {
                  "title": "status",
                  "x-ms-dynamically-added": true,
                  "type": "string"
                },
                "email": {
                  "title": "Email",
                  "x-ms-dynamically-added": true,
                  "type": "string"
                }
              }
            }
          }
        },
        "Apply_to_each": {
          "foreach": "@body('Parse_JSON_2')?['value']",
          "actions": {
            "Condition": {
              "actions": {
                "Set_variable": {
                  "runAfter": {},
                  "metadata": {
                    "operationMetadataId": "5f69e0b5-18b5-4e5f-92d3-cf6ba2c217f4"
                  },
                  "type": "SetVariable",
                  "inputs": {
                    "name": "Find",
                    "value": true
                  }
                },
                "Append_to_string_variable": {
                  "runAfter": {
                    "Set_variable": [
                      "Succeeded"
                    ]
                  },
                  "metadata": {
                    "operationMetadataId": "8fbe6e8c-58f0-4f7f-b8b2-defedfe815de"
                  },
                  "type": "AppendToStringVariable",
                  "inputs": {
                    "name": "Name",
                    "value": "@items('Apply_to_each')?['Name']"
                  }
                }
              },
              "runAfter": {},
              "expression": {
                "equals": [
                  "@triggerBody()['text']",
                  "@items('Apply_to_each')?['Phone_No']"
                ]
              },
              "metadata": {
                "operationMetadataId": "e9e3d000-8f36-4883-b012-66dde3b50263"
              },
              "type": "If"
            }
          },
          "runAfter": {
            "Initialize_variable_3": [
              "Succeeded"
            ]
          },
          "metadata": {
            "operationMetadataId": "60957a29-3357-47dd-9e29-894f4927e998"
          },
          "type": "Foreach"
        },
        "Initialize_variable": {
          "runAfter": {
            "Parse_JSON_2": [
              "Succeeded"
            ]
          },
          "metadata": {
            "operationMetadataId": "aa9a29f6-a92c-4ca4-bff1-d7f7cc96e163"
          },
          "type": "InitializeVariable",
          "inputs": {
            "variables": [
              {
                "name": "Find",
                "type": "boolean"
              }
            ]
          }
        },
        "Initialize_variable_2": {
          "runAfter": {
            "Initialize_variable": [
              "Succeeded"
            ]
          },
          "metadata": {
            "operationMetadataId": "7dde055c-37a3-4b6a-99cd-e8ffe4e0348c"
          },
          "type": "InitializeVariable",
          "inputs": {
            "variables": [
              {
                "name": "Name",
                "type": "string"
              }
            ]
          }
        },
        "Initialize_variable_3": {
          "runAfter": {
            "Initialize_variable_2": [
              "Succeeded"
            ]
          },
          "metadata": {
            "operationMetadataId": "d7276d8c-e43a-4372-8c5b-a682b3e7d264"
          },
          "type": "InitializeVariable",
          "inputs": {
            "variables": [
              {
                "name": "Email",
                "type": "string"
              }
            ]
          }
        }
      }
    },
    "templateName": ""
  },
  "schemaVersion": "1.0.0.0"
}