{
  "properties": {
    "connectionReferences": {},
    "definition": {
      "$schema": "https://schema.management.azure.com/providers/Microsoft.Logic/schemas/2016-06-01/workflowdefinition.json#",
      "contentVersion": "1.0.0.0",
      "parameters": {
        "$authentication": {
          "defaultValue": {},
          "type": "SecureObject"
        }
      },
      "triggers": {
        "manual": {
          "metadata": {
            "operationMetadataId": "6546374d-1daa-4ef7-84ce-42aaa242eb8f"
          },
          "type": "Request",
          "kind": "Button",
          "inputs": {
            "schema": {
              "type": "object",
              "properties": {
                "text": {
                  "title": "Phone",
                  "type": "string",
                  "x-ms-dynamically-added": true,
                  "description": "Please enter your input",
                  "x-ms-content-hint": "TEXT"
                },
                "text_1": {
                  "title": "text",
                  "type": "string",
                  "x-ms-dynamically-added": true,
                  "description": "Please enter your input",
                  "x-ms-content-hint": "TEXT"
                },
                "text_2": {
                  "title": "mail",
                  "type": "string",
                  "x-ms-dynamically-added": true,
                  "description": "Please enter your input",
                  "x-ms-content-hint": "TEXT"
                }
              },
              "required": [
                "text",
                "text_1",
                "text_2"
              ]
            }
          }
        }
      },
      "actions": {
        "HTTP": {
          "runAfter": {},
          "metadata": {
            "operationMetadataId": "b4c4648d-dc1f-4f74-94dc-aee7bf190a52"
          },
          "type": "Http",
          "inputs": {
            "method": "POST",
            "uri": "https://login.microsoftonline.com/70aa2a28-7097-4af0-a6cd-53a434c6d341/oauth2/v2.0/token",
            "headers": {
              "Content-Type": "application/x-www-form-urlencoded"
            },
            "body": "grant_type=client_credentials&client_id=f9e25f73-6584-473a-958a-5c8347eba26f&client_secret=Ajy8Q~DfhiTNCH38iD~hiDehkhvhivDkau.zZbdH&scope=https://api.businesscentral.dynamics.com/.default"
          }
        },
        "Parse_JSON": {
          "runAfter": {
            "HTTP": [
              "Succeeded"
            ]
          },
          "metadata": {
            "operationMetadataId": "2b4e2f87-0ead-4852-b81f-e9fbdd162cf6"
          },
          "type": "ParseJson",
          "inputs": {
            "content": "@body('HTTP')",
            "schema": {
              "type": "object",
              "properties": {
                "token_type": {
                  "type": "string"
                },
                "expires_in": {
                  "type": "integer"
                },
                "ext_expires_in": {
                  "type": "integer"
                },
                "access_token": {
                  "type": "string"
                }
              }
            }
          }
        },
        "HTTP_2": {
          "runAfter": {
            "Parse_JSON": [
              "Succeeded"
            ]
          },
          "metadata": {
            "operationMetadataId": "2dec6d2c-2129-4e43-91ac-25276ded4cee"
          },
          "type": "Http",
          "inputs": {
            "method": "POST",
            "uri": "https://api.businesscentral.dynamics.com/v2.0/70aa2a28-7097-4af0-a6cd-53a434c6d341/SandboxCronus/api/NBT/Hackathon/v2.0/logs",
            "headers": {
              "Authorization": "Bearer @{body('Parse_JSON')?['access_token']}",
              "Contet-Type": "application/json",
              "Company": "Hackathon Spa"
            },
            "body": {
              "phoneNo": "@triggerBody()['text']",
              "input": "@triggerBody()['text_1']",
              "EMail": "@triggerBody()['text_2']"
            }
          }
        },
        "Respond_to_a_PowerApp_or_flow": {
          "runAfter": {
            "HTTP_2": [
              "Succeeded"
            ]
          },
          "metadata": {
            "operationMetadataId": "9b8c4a4e-5f25-41dc-bb8c-09ea5a3f6e48"
          },
          "type": "Response",
          "kind": "PowerApp",
          "inputs": {
            "statusCode": 200,
            "body": {
              "status": "200"
            },
            "schema": {
              "type": "object",
              "properties": {
                "status": {
                  "title": "Status",
                  "x-ms-dynamically-added": true,
                  "type": "string"
                }
              }
            }
          }
        }
      }
    },
    "templateName": ""
  },
  "schemaVersion": "1.0.0.0"
}