{
  "properties": {
    "connectionReferences": {
      "shared_azureblob": {
        "runtimeSource": "embedded",
        "connection": {
          "connectionReferenceLogicalName": "new_sharedazureblob_14dfc"
        },
        "api": {
          "name": "shared_azureblob"
        }
      },
      "shared_tyntecwa": {
        "runtimeSource": "embedded",
        "connection": {
          "connectionReferenceLogicalName": "new_sharedtyntecwa_73b7f"
        },
        "api": {
          "name": "shared_tyntecwa"
        }
      }
    },
    "definition": {
      "$schema": "https://schema.management.azure.com/providers/Microsoft.Logic/schemas/2016-06-01/workflowdefinition.json#",
      "contentVersion": "1.0.0.0",
      "parameters": {
        "$connections": {
          "defaultValue": {},
          "type": "Object"
        },
        "$authentication": {
          "defaultValue": {},
          "type": "SecureObject"
        }
      },
      "triggers": {
        "Incoming_message": {
          "metadata": {
            "operationMetadataId": "c7c2b89d-cb0f-4dd9-971c-24e109521553"
          },
          "type": "OpenApiConnectionWebhook",
          "inputs": {
            "host": {
              "connectionName": "shared_tyntecwa",
              "operationId": "IncomingV2",
              "apiId": "/providers/Microsoft.PowerApps/apis/shared_tyntecwa"
            },
            "parameters": {
              "WABA": "393493034758"
            },
            "authentication": "@parameters('$authentication')"
          }
        }
      },
      "actions": {
        "Parse_JSON": {
          "runAfter": {
            "Condition_2": [
              "Succeeded"
            ]
          },
          "metadata": {
            "operationMetadataId": "7dd1c651-bb2a-4a90-a440-1d2da99d9eef"
          },
          "type": "ParseJson",
          "inputs": {
            "content": "@triggerOutputs()?['body/content']",
            "schema": {
              "type": "object",
              "properties": {
                "contentType": {
                  "type": "string"
                },
                "media": {
                  "type": "object",
                  "properties": {
                    "type": {
                      "type": "string"
                    },
                    "mediaId": {
                      "type": "string"
                    },
                    "url": {
                      "type": "string"
                    }
                  }
                }
              }
            }
          }
        },
        "HTTP": {
          "runAfter": {
            "Parse_JSON": [
              "Succeeded"
            ]
          },
          "metadata": {
            "operationMetadataId": "05a7be9e-6b5d-4709-a935-41e7a76ae474"
          },
          "type": "Http",
          "inputs": {
            "method": "GET",
            "uri": "https://api.tyntec.com/conversations/v3/media/@{body('Parse_JSON')?['media']?['mediaId']}?apikey=Er6W46z88BnrrkcPHSlguIWWgfq7mifx"
          }
        },
        "Run_a_Child_Flow": {
          "runAfter": {
            "Compose": [
              "Succeeded"
            ]
          },
          "metadata": {
            "operationMetadataId": "be78d979-2a90-46a7-8b43-196398282995"
          },
          "type": "Workflow",
          "inputs": {
            "host": {
              "workflowReferenceName": "5e425ea2-facf-ee11-9079-0022489f0b1c"
            },
            "body": {
              "text": "@outputs('Create_SAS_URI_by_path_(V2)')?['body/WebUrl']"
            }
          }
        },
        "Compose": {
          "runAfter": {
            "Create_SAS_URI_by_path_(V2)": [
              "Succeeded"
            ]
          },
          "metadata": {
            "operationMetadataId": "e31df592-b059-4b8d-8ef7-499ac7bb8a59"
          },
          "type": "Compose",
          "inputs": "@outputs('Create_SAS_URI_by_path_(V2)')?['body/WebUrl']"
        },
        "Create_blob_(V2)": {
          "runAfter": {
            "HTTP": [
              "Succeeded"
            ]
          },
          "metadata": {
            "operationMetadataId": "fb9449b9-7f10-4baf-86bc-39420a277d7f"
          },
          "type": "OpenApiConnection",
          "inputs": {
            "host": {
              "connectionName": "shared_azureblob",
              "operationId": "CreateFile_V2",
              "apiId": "/providers/Microsoft.PowerApps/apis/shared_azureblob"
            },
            "parameters": {
              "dataset": "AccountNameFromSettings",
              "folderPath": "/hackaton",
              "name": "@{triggerOutputs()?['body/messageId']}.mp3",
              "body": "@body('HTTP')"
            },
            "authentication": "@parameters('$authentication')"
          },
          "runtimeConfiguration": {
            "contentTransfer": {
              "transferMode": "Chunked"
            }
          }
        },
        "Create_SAS_URI_by_path_(V2)": {
          "runAfter": {
            "Create_blob_(V2)": [
              "Succeeded"
            ]
          },
          "metadata": {
            "operationMetadataId": "b7162534-d13d-41fe-9189-d362b24c4e2c"
          },
          "type": "OpenApiConnection",
          "inputs": {
            "host": {
              "connectionName": "shared_azureblob",
              "operationId": "CreateShareLinkByPath_V2",
              "apiId": "/providers/Microsoft.PowerApps/apis/shared_azureblob"
            },
            "parameters": {
              "storageAccountName": "AccountNameFromSettings",
              "path": "@outputs('Create_blob_(V2)')?['body/Path']",
              "policy/Permissions": "Read"
            },
            "authentication": "@parameters('$authentication')"
          }
        },
        "Run_a_Child_Flow_2": {
          "runAfter": {},
          "metadata": {
            "operationMetadataId": "98e365c4-390c-489b-a419-6d77f9dbbf52"
          },
          "type": "Workflow",
          "inputs": {
            "host": {
              "workflowReferenceName": "84ca3b53-b0d0-ee11-9079-0022489f0b1c"
            },
            "body": {
              "text": "@substring(triggerOutputs()?['body/from'],2,10)"
            }
          }
        },
        "Condition_2": {
          "actions": {
            "Send_WhatsApp_Free-form_Text_Message_2": {
              "runAfter": {},
              "metadata": {
                "operationMetadataId": "03da287c-84a6-455a-93b5-c8a3588ecd45"
              },
              "type": "OpenApiConnection",
              "inputs": {
                "host": {
                  "connectionName": "shared_tyntecwa",
                  "operationId": "SendWhatsAppText",
                  "apiId": "/providers/Microsoft.PowerApps/apis/shared_tyntecwa"
                },
                "parameters": {
                  "body/from": "393493034758",
                  "body/to": "@triggerOutputs()?['body/from']",
                  "body/content/text": "Richiesta presa in carico correttamente. Si prega di attendere."
                },
                "authentication": "@parameters('$authentication')"
              }
            }
          },
          "runAfter": {
            "Run_a_Child_Flow_2": [
              "Succeeded"
            ]
          },
          "else": {
            "actions": {
              "Send_WhatsApp_Free-form_Text_Message": {
                "runAfter": {},
                "metadata": {
                  "operationMetadataId": "f37560e0-8ef4-4148-9302-7cc53692e3d0"
                },
                "type": "OpenApiConnection",
                "inputs": {
                  "host": {
                    "connectionName": "shared_tyntecwa",
                    "operationId": "SendWhatsAppText",
                    "apiId": "/providers/Microsoft.PowerApps/apis/shared_tyntecwa"
                  },
                  "parameters": {
                    "body/from": "393493034758",
                    "body/to": "@triggerOutputs()?['body/from']",
                    "body/content/text": "Il tuo numero non risulta abilitato per il servizio. Contatta info@nubetech.it per maggiori informazioni"
                  },
                  "authentication": "@parameters('$authentication')"
                }
              },
              "Terminate": {
                "runAfter": {
                  "Send_WhatsApp_Free-form_Text_Message": [
                    "Succeeded"
                  ]
                },
                "metadata": {
                  "operationMetadataId": "9ec929ba-53f0-4d77-ab1b-85800ef60e76"
                },
                "type": "Terminate",
                "inputs": {
                  "runStatus": "Succeeded"
                }
              }
            }
          },
          "expression": {
            "equals": [
              "@body('Run_a_Child_Flow_2')?['find']",
              "True"
            ]
          },
          "metadata": {
            "operationMetadataId": "244a8f1f-8f89-4e36-a895-124589133d99"
          },
          "type": "If"
        },
        "Run_a_Child_Flow_3": {
          "runAfter": {
            "Run_a_Child_Flow": [
              "Succeeded"
            ]
          },
          "metadata": {
            "operationMetadataId": "3d982f70-666c-44ae-aeab-51db5c492afc"
          },
          "type": "Workflow",
          "inputs": {
            "host": {
              "workflowReferenceName": "04e99301-c4d0-ee11-9079-0022489f0b1c"
            },
            "body": {
              "text": "@substring(triggerOutputs()?['body/from'],2,10)",
              "text_1": "@body('Run_a_Child_Flow')?['result']",
              "text_2": "@body('Run_a_Child_Flow_2')?['email']"
            }
          }
        }
      }
    },
    "templateName": ""
  },
  "schemaVersion": "1.0.0.0"
}