{
  "properties": {
    "connectionReferences": {
      "shared_azuretexttospeech_1": {
        "runtimeSource": "embedded",
        "connection": {
          "connectionReferenceLogicalName": "new_sharedazuretexttospeech_b9a88"
        },
        "api": {
          "name": "shared_azuretexttospeech"
        }
      },
      "shared_azureblob": {
        "runtimeSource": "embedded",
        "connection": {
          "connectionReferenceLogicalName": "new_sharedazureblob_14dfc"
        },
        "api": {
          "name": "shared_azureblob"
        }
      },
      "shared_tyntecwa": {
        "runtimeSource": "embedded",
        "connection": {
          "connectionReferenceLogicalName": "new_sharedtyntecwa_73b7f"
        },
        "api": {
          "name": "shared_tyntecwa"
        }
      },
      "shared_bitly": {
        "runtimeSource": "embedded",
        "connection": {
          "connectionReferenceLogicalName": "new_sharedbitly_d9143"
        },
        "api": {
          "name": "shared_bitly"
        }
      }
    },
    "definition": {
      "$schema": "https://schema.management.azure.com/providers/Microsoft.Logic/schemas/2016-06-01/workflowdefinition.json#",
      "contentVersion": "1.0.0.0",
      "parameters": {
        "$connections": {
          "defaultValue": {},
          "type": "Object"
        },
        "$authentication": {
          "defaultValue": {},
          "type": "SecureObject"
        }
      },
      "triggers": {
        "manual": {
          "metadata": {
            "operationMetadataId": "48fa7cbd-c341-482d-8792-edfc9e9cc848"
          },
          "type": "Request",
          "kind": "Http",
          "inputs": {
            "schema": {
              "type": "object",
              "properties": {
                "response": {
                  "type": "string"
                },
                "phoneNo": {
                  "type": "string"
                },
                "Email": {
                  "type": "string"
                },
                "base64text": {
                  "type": "string"
                }
              }
            },
            "method": "POST",
            "triggerAuthenticationType": "All"
          }
        }
      },
      "actions": {
        "Convert_text_to_speech": {
          "runAfter": {},
          "metadata": {
            "operationMetadataId": "e9447cc0-7066-4f38-9021-0c4e03c5884d"
          },
          "type": "OpenApiConnection",
          "inputs": {
            "host": {
              "connectionName": "shared_azuretexttospeech_1",
              "operationId": "ConvertTextToSpeech",
              "apiId": "/providers/Microsoft.PowerApps/apis/shared_azuretexttospeech"
            },
            "parameters": {
              "body/voiceName": "en-US-EmmaMultilingualNeural",
              "body/locale": "en-US",
              "body/synthesizedText": "@triggerBody()?['response']",
              "body/outputFormat": "riff-24khz-16bit-mono-pcm"
            },
            "authentication": "@parameters('$authentication')"
          }
        },
        "Create_blob_(V2)": {
          "runAfter": {
            "Convert_text_to_speech": [
              "Succeeded"
            ]
          },
          "metadata": {
            "operationMetadataId": "bdf8bde5-7265-4d53-9dfe-583ead37706f"
          },
          "type": "OpenApiConnection",
          "inputs": {
            "host": {
              "connectionName": "shared_azureblob",
              "operationId": "CreateFile_V2",
              "apiId": "/providers/Microsoft.PowerApps/apis/shared_azureblob"
            },
            "parameters": {
              "dataset": "AccountNameFromSettings",
              "folderPath": "/hackaton",
              "name": "@concat(string(utcNow()),'.mp3')",
              "body": "@base64ToBinary(body('Convert_text_to_speech'))"
            },
            "authentication": "@parameters('$authentication')"
          },
          "runtimeConfiguration": {
            "contentTransfer": {
              "transferMode": "Chunked"
            }
          }
        },
        "Create_SAS_URI_by_path_(V2)": {
          "runAfter": {
            "Create_blob_(V2)": [
              "Succeeded"
            ]
          },
          "metadata": {
            "operationMetadataId": "435af5ab-4dff-4c91-bd65-122e707f0269"
          },
          "type": "OpenApiConnection",
          "inputs": {
            "host": {
              "connectionName": "shared_azureblob",
              "operationId": "CreateShareLinkByPath_V2",
              "apiId": "/providers/Microsoft.PowerApps/apis/shared_azureblob"
            },
            "parameters": {
              "storageAccountName": "AccountNameFromSettings",
              "path": "@outputs('Create_blob_(V2)')?['body/Path']",
              "policy/Permissions": "Read"
            },
            "authentication": "@parameters('$authentication')"
          }
        },
        "Compose_2": {
          "runAfter": {
            "Create_a_bitlink_(V2)": [
              "Succeeded"
            ]
          },
          "metadata": {
            "operationMetadataId": "abae1241-8339-4a79-ad57-4b43d2ffdc8a"
          },
          "type": "Compose",
          "inputs": "@outputs('Create_SAS_URI_by_path_(V2)')?['body/WebUrl']"
        },
        "Response": {
          "runAfter": {
            "Send_WhatsApp_Free-form_Document_Message": [
              "Succeeded"
            ]
          },
          "metadata": {
            "operationMetadataId": "e74307d0-7a65-42e3-b6dc-cc8884cac8cd"
          },
          "type": "Response",
          "kind": "Http",
          "inputs": {
            "statusCode": 200,
            "body": "OK"
          }
        },
        "Send_WhatsApp_Free-form_Text_Message": {
          "runAfter": {
            "Compose_2": [
              "Succeeded"
            ]
          },
          "metadata": {
            "operationMetadataId": "33ad3695-539a-489e-844b-e766c3aa3b85"
          },
          "type": "OpenApiConnection",
          "inputs": {
            "host": {
              "connectionName": "shared_tyntecwa",
              "operationId": "SendWhatsAppText",
              "apiId": "/providers/Microsoft.PowerApps/apis/shared_tyntecwa"
            },
            "parameters": {
              "body/from": "393493034758",
              "body/to": "39@{triggerBody()?['phoneNo']}",
              "body/content/text": "ciao,\nclicca sul seguente link per ascoltare la risposta alla tua richiesta!\n\n@{outputs('Create_a_bitlink_(V2)')?['body/link']}"
            },
            "authentication": "@parameters('$authentication')"
          }
        },
        "Create_a_bitlink_(V2)": {
          "runAfter": {
            "Create_SAS_URI_by_path_(V2)_2": [
              "Succeeded"
            ]
          },
          "metadata": {
            "operationMetadataId": "84ac493f-11e8-4644-96e5-7a0608e4c34e"
          },
          "type": "OpenApiConnection",
          "inputs": {
            "host": {
              "connectionName": "shared_bitly",
              "operationId": "CreateBitlink_V2",
              "apiId": "/providers/Microsoft.PowerApps/apis/shared_bitly"
            },
            "parameters": {
              "body/long_url": "@outputs('Create_SAS_URI_by_path_(V2)')?['body/WebUrl']"
            },
            "authentication": "@parameters('$authentication')"
          }
        },
        "Create_blob_(V2)_2": {
          "runAfter": {
            "Create_SAS_URI_by_path_(V2)": [
              "Succeeded"
            ]
          },
          "metadata": {
            "operationMetadataId": "679584e9-e7c5-4d3d-b1b9-12e633278891"
          },
          "type": "OpenApiConnection",
          "inputs": {
            "host": {
              "connectionName": "shared_azureblob",
              "operationId": "CreateFile_V2",
              "apiId": "/providers/Microsoft.PowerApps/apis/shared_azureblob"
            },
            "parameters": {
              "dataset": "AccountNameFromSettings",
              "folderPath": "/hackaton",
              "name": "@concat(string(utcNow()),'.pdf')",
              "body": "@base64ToBinary(triggerBody()?['base64text'])"
            },
            "authentication": "@parameters('$authentication')"
          },
          "runtimeConfiguration": {
            "contentTransfer": {
              "transferMode": "Chunked"
            }
          }
        },
        "Create_SAS_URI_by_path_(V2)_2": {
          "runAfter": {
            "Create_blob_(V2)_2": [
              "Succeeded"
            ]
          },
          "metadata": {
            "operationMetadataId": "7eca5c1e-8b1d-434c-83a5-246c1e23ccf9"
          },
          "type": "OpenApiConnection",
          "inputs": {
            "host": {
              "connectionName": "shared_azureblob",
              "operationId": "CreateShareLinkByPath_V2",
              "apiId": "/providers/Microsoft.PowerApps/apis/shared_azureblob"
            },
            "parameters": {
              "storageAccountName": "AccountNameFromSettings",
              "path": "@outputs('Create_blob_(V2)_2')?['body/Path']",
              "policy/Permissions": "Read"
            },
            "authentication": "@parameters('$authentication')"
          }
        },
        "Send_WhatsApp_Free-form_Document_Message": {
          "runAfter": {
            "Send_WhatsApp_Free-form_Text_Message": [
              "Succeeded"
            ]
          },
          "metadata": {
            "operationMetadataId": "dff708e0-7215-4771-b35b-a75a77e1b25c"
          },
          "type": "OpenApiConnection",
          "inputs": {
            "host": {
              "connectionName": "shared_tyntecwa",
              "operationId": "SendWhatsAppDocument",
              "apiId": "/providers/Microsoft.PowerApps/apis/shared_tyntecwa"
            },
            "parameters": {
              "body/from": "393493034758",
              "body/to": "39@{triggerBody()?['phoneNo']}",
              "body/content/document/url": "@outputs('Create_SAS_URI_by_path_(V2)_2')?['body/WebUrl']",
              "body/content/document/filename": "ordine.pdf"
            },
            "authentication": "@parameters('$authentication')"
          }
        }
      }
    },
    "templateName": ""
  },
  "schemaVersion": "1.0.0.0"
}