<ImportExportXml xmlns:xsi="http://www.w3.org/2001/XMLSchema-instance">
  <Entities></Entities>
  <Roles></Roles>
  <Workflows>
    <Workflow WorkflowId="{84ca3b53-b0d0-ee11-9079-0022489f0b1c}" Name="nub.GetPhoneNumber(Instant)">
      <JsonFileName>/Workflows/nubGetPhoneNumberInstant-84CA3B53-B0D0-EE11-9079-0022489F0B1C.json</JsonFileName>
      <Type>1</Type>
      <Subprocess>0</Subprocess>
      <Category>5</Category>
      <Mode>0</Mode>
      <Scope>4</Scope>
      <OnDemand>0</OnDemand>
      <TriggerOnCreate>0</TriggerOnCreate>
      <TriggerOnDelete>0</TriggerOnDelete>
      <AsyncAutodelete>0</AsyncAutodelete>
      <SyncWorkflowLogOnFailure>0</SyncWorkflowLogOnFailure>
      <StateCode>1</StateCode>
      <StatusCode>2</StatusCode>
      <RunAs>1</RunAs>
      <IsTransacted>1</IsTransacted>
      <IntroducedVersion>1.0.0.0</IntroducedVersion>
      <IsCustomizable>1</IsCustomizable>
      <BusinessProcessType>0</BusinessProcessType>
      <IsCustomProcessingStepAllowedForOtherPublishers>1</IsCustomProcessingStepAllowedForOtherPublishers>
      <PrimaryEntity>none</PrimaryEntity>
      <LocalizedNames>
        <LocalizedName languagecode="1040" description="nub.GetPhoneNumber(Instant)" />
      </LocalizedNames>
    </Workflow>
    <Workflow WorkflowId="{04e99301-c4d0-ee11-9079-0022489f0b1c}" Name="nubSendPromptToBC(Instant)">
      <JsonFileName>/Workflows/nubSendPromptToBCInstant-04E99301-C4D0-EE11-9079-0022489F0B1C.json</JsonFileName>
      <Type>1</Type>
      <Subprocess>0</Subprocess>
      <Category>5</Category>
      <Mode>0</Mode>
      <Scope>4</Scope>
      <OnDemand>0</OnDemand>
      <TriggerOnCreate>0</TriggerOnCreate>
      <TriggerOnDelete>0</TriggerOnDelete>
      <AsyncAutodelete>0</AsyncAutodelete>
      <SyncWorkflowLogOnFailure>0</SyncWorkflowLogOnFailure>
      <StateCode>1</StateCode>
      <StatusCode>2</StatusCode>
      <RunAs>1</RunAs>
      <IsTransacted>1</IsTransacted>
      <IntroducedVersion>1.0.0.0</IntroducedVersion>
      <IsCustomizable>1</IsCustomizable>
      <BusinessProcessType>0</BusinessProcessType>
      <IsCustomProcessingStepAllowedForOtherPublishers>1</IsCustomProcessingStepAllowedForOtherPublishers>
      <PrimaryEntity>none</PrimaryEntity>
      <LocalizedNames>
        <LocalizedName languagecode="1040" description="nubSendPromptToBC(Instant)" />
      </LocalizedNames>
    </Workflow>
    <Workflow WorkflowId="{5e425ea2-facf-ee11-9079-0022489f0b1c}" Name="nub.ConvertAudioInText(instant)">
      <JsonFileName>/Workflows/nubConvertAudioInTextinstant-5E425EA2-FACF-EE11-9079-0022489F0B1C.json</JsonFileName>
      <Type>1</Type>
      <Subprocess>0</Subprocess>
      <Category>5</Category>
      <Mode>0</Mode>
      <Scope>4</Scope>
      <OnDemand>0</OnDemand>
      <TriggerOnCreate>0</TriggerOnCreate>
      <TriggerOnDelete>0</TriggerOnDelete>
      <AsyncAutodelete>0</AsyncAutodelete>
      <SyncWorkflowLogOnFailure>0</SyncWorkflowLogOnFailure>
      <StateCode>1</StateCode>
      <StatusCode>2</StatusCode>
      <RunAs>1</RunAs>
      <IsTransacted>1</IsTransacted>
      <IntroducedVersion>1.0.0.0</IntroducedVersion>
      <IsCustomizable>1</IsCustomizable>
      <BusinessProcessType>0</BusinessProcessType>
      <IsCustomProcessingStepAllowedForOtherPublishers>1</IsCustomProcessingStepAllowedForOtherPublishers>
      <PrimaryEntity>none</PrimaryEntity>
      <LocalizedNames>
        <LocalizedName languagecode="1040" description="nub.ConvertAudioInText(instant)" />
      </LocalizedNames>
    </Workflow>
    <Workflow WorkflowId="{bf0644fe-0dd0-ee11-9079-0022489f0b1c}" Name="nub.SendVocalAudioToAzure(Automated)">
      <JsonFileName>/Workflows/nubSendVocalAudioToAzureAutomated-BF0644FE-0DD0-EE11-9079-0022489F0B1C.json</JsonFileName>
      <Type>1</Type>
      <Subprocess>0</Subprocess>
      <Category>5</Category>
      <Mode>0</Mode>
      <Scope>4</Scope>
      <OnDemand>0</OnDemand>
      <TriggerOnCreate>0</TriggerOnCreate>
      <TriggerOnDelete>0</TriggerOnDelete>
      <AsyncAutodelete>0</AsyncAutodelete>
      <SyncWorkflowLogOnFailure>0</SyncWorkflowLogOnFailure>
      <StateCode>1</StateCode>
      <StatusCode>2</StatusCode>
      <RunAs>1</RunAs>
      <IsTransacted>1</IsTransacted>
      <IntroducedVersion>1.0.0.0</IntroducedVersion>
      <IsCustomizable>1</IsCustomizable>
      <BusinessProcessType>0</BusinessProcessType>
      <IsCustomProcessingStepAllowedForOtherPublishers>1</IsCustomProcessingStepAllowedForOtherPublishers>
      <PrimaryEntity>none</PrimaryEntity>
      <LocalizedNames>
        <LocalizedName languagecode="1040" description="nub.SendVocalAudioToAzure(Automated)" />
      </LocalizedNames>
    </Workflow>
    <Workflow WorkflowId="{ba279a1b-5cd1-ee11-9079-0022489f0b1c}" Name="nub.TextToSpeech(Instant)">
      <JsonFileName>/Workflows/nubTextToSpeechInstant-BA279A1B-5CD1-EE11-9079-0022489F0B1C.json</JsonFileName>
      <Type>1</Type>
      <Subprocess>0</Subprocess>
      <Category>5</Category>
      <Mode>0</Mode>
      <Scope>4</Scope>
      <OnDemand>0</OnDemand>
      <TriggerOnCreate>0</TriggerOnCreate>
      <TriggerOnDelete>0</TriggerOnDelete>
      <AsyncAutodelete>0</AsyncAutodelete>
      <SyncWorkflowLogOnFailure>0</SyncWorkflowLogOnFailure>
      <StateCode>1</StateCode>
      <StatusCode>2</StatusCode>
      <RunAs>1</RunAs>
      <IsTransacted>1</IsTransacted>
      <IntroducedVersion>1.0.0.0</IntroducedVersion>
      <IsCustomizable>1</IsCustomizable>
      <BusinessProcessType>0</BusinessProcessType>
      <IsCustomProcessingStepAllowedForOtherPublishers>1</IsCustomProcessingStepAllowedForOtherPublishers>
      <PrimaryEntity>none</PrimaryEntity>
      <LocalizedNames>
        <LocalizedName languagecode="1040" description="nub.TextToSpeech(Instant)" />
      </LocalizedNames>
    </Workflow>
  </Workflows>
  <FieldSecurityProfiles></FieldSecurityProfiles>
  <Templates />
  <EntityMaps />
  <EntityRelationships />
  <OrganizationSettings />
  <optionsets />
  <CustomControls />
  <EntityDataProviders />
  <connectionreferences>
    <connectionreference connectionreferencelogicalname="new_sharedazureblob_14dfc">
      <connectionreferencedisplayname>Azure Blob Storage Default-14dfc</connectionreferencedisplayname>
      <connectorid>/providers/Microsoft.PowerApps/apis/shared_azureblob</connectorid>
      <iscustomizable>1</iscustomizable>
      <statecode>0</statecode>
      <statuscode>1</statuscode>
    </connectionreference>
    <connectionreference connectionreferencelogicalname="new_sharedazuretexttospeech_b9a88">
      <connectionreferencedisplayname>Azure Text to speech hackhaton-b9a88</connectionreferencedisplayname>
      <connectorid>/providers/Microsoft.PowerApps/apis/shared_azuretexttospeech</connectorid>
      <iscustomizable>1</iscustomizable>
      <statecode>0</statecode>
      <statuscode>1</statuscode>
    </connectionreference>
    <connectionreference connectionreferencelogicalname="new_sharedbitly_cbb07">
      <connectionreferencedisplayname>Bitly hackhaton-cbb07</connectionreferencedisplayname>
      <connectorid>/providers/Microsoft.PowerApps/apis/shared_bitly</connectorid>
      <iscustomizable>1</iscustomizable>
      <statecode>0</statecode>
      <statuscode>1</statuscode>
    </connectionreference>
    <connectionreference connectionreferencelogicalname="new_sharedbitly_d9143">
      <connectionreferencedisplayname>Bitly hackhaton-d9143</connectionreferencedisplayname>
      <connectorid>/providers/Microsoft.PowerApps/apis/shared_bitly</connectorid>
      <iscustomizable>1</iscustomizable>
      <statecode>0</statecode>
      <statuscode>1</statuscode>
    </connectionreference>
    <connectionreference connectionreferencelogicalname="new_sharedcognitiveservicesspe_abdb6">
      <connectionreferencedisplayname>Azure Batch Speech-to-text hackhaton-abdb6</connectionreferencedisplayname>
      <connectorid>/providers/Microsoft.PowerApps/apis/shared_cognitiveservicesspe</connectorid>
      <iscustomizable>1</iscustomizable>
      <statecode>0</statecode>
      <statuscode>1</statuscode>
    </connectionreference>
    <connectionreference connectionreferencelogicalname="new_sharedtyntecwa_73b7f">
      <connectionreferencedisplayname>tyntec WhatsApp Business hackhaton-73b7f</connectionreferencedisplayname>
      <connectorid>/providers/Microsoft.PowerApps/apis/shared_tyntecwa</connectorid>
      <iscustomizable>1</iscustomizable>
      <statecode>0</statecode>
      <statuscode>1</statuscode>
    </connectionreference>
  </connectionreferences>
  <Languages>
    <Language>1040</Language>
  </Languages>
</ImportExportXml>